Workbook

Sheet 01 Executive Summary
B1: RECLIQ | RECONCILIATION EXECUTIVE SUMMARY
B2: Books.xlsx vs. portal.xlsx • Matching Key: EMP# • Report Generated: August 21, 2026
B4: KEY METRICS
B5: TOTAL RECORDS IN SCOPE | D5: MATCHED | F5: EXCEPTIONS | H5: MISSING | J5: MATCH RATE | L5: EXCEPTION RATE
B6: =COUNTA('03 Matched Records'!C5:C546)+SUM('02 Exceptions'!L5:L15)+COUNTA('04 Missing - Books'!A5:A14)+COUNTA('05 Missing - Portal'!A5:A14) -> 571 | D6: =COUNTA('03 Matched Records'!C5:C546) -> 542 | F6: =SUM('02 Exceptions'!L5:L15) -> 9 | H6: =COUNTA('04 Missing - Books'!A5:A14)+COUNTA('05 Missing - Portal'!A5:A14) -> 20 | J6: =IF($B$6>0,$D$6/$B$6,0) -> 0.94921191 | L6: =IF($B$6>0,$F$6/$B$6,0) -> 0.015761821
B7: ="Unique EMP# across both files" -> Unique EMP# across both files | D7: ="of "&$B$6&" records reviewed" -> of 571 records reviewed | F7: =(COUNTA('02 Exceptions'!B5:B15))&" field-level mismatch(es)" -> 11 field-level mismatch(es) | H7: =(COUNTA('04 Missing - Books'!A5:A14))&" + "&(COUNTA('05 Missing - Portal'!A5:A14))&" by source" -> 10 + 10 by source | J7: ="records matched cleanly" -> records matched cleanly | L7: ="records need review" -> records need review
B9: RECONCILIATION OUTCOME
B10: Category | C10: Count | D10: % of Total
B11: Matched | C11: =$D$6 -> 542 | D11: =C11/$B$6 -> 0.94921191
B12: Exceptions | C12: =$F$6 -> 9 | D12: =C12/$B$6 -> 0.015761821
B13: Missing — Books.xlsx | C13: =COUNTA('04 Missing - Books'!A5:A14) -> 10 | D13: =C13/$B$6 -> 0.017513135
B14: Missing — portal.xlsx | C14: =COUNTA('05 Missing - Portal'!A5:A14) -> 10 | D14: =C14/$B$6 -> 0.017513135
B15: Total | C15: =SUM(C11:C14) -> 571 | D15: =SUM(D11:D14) -> 1
B17: EXCEPTION BREAKDOWN BY TYPE
B18: Exception Type | C18: Count | D18: % of Total
B19: Value Difference | C19: =COUNTIFS('02 Exceptions'!$H$5:$H$15,"Value Difference") -> 7 | D19: =C19/SUM($C$19:$C$22) -> 0.22580645
B20: Text Difference | C20: =COUNTIFS('02 Exceptions'!$H$5:$H$15,"Text Difference") -> 4 | D20: =C20/SUM($C$19:$C$22) -> 0.12903226
B21: Missing — Books.xlsx | C21: =COUNTA('04 Missing - Books'!A5:A14) -> 10 | D21: =C21/SUM($C$19:$C$22) -> 0.32258065
B22: Missing — portal.xlsx | C22: =COUNTA('05 Missing - Portal'!A5:A14) -> 10 | D22: =C22/SUM($C$19:$C$22) -> 0.32258065
B24: FIELD-LEVEL PERFORMANCE
B25: Field | C25: Matched | D25: Mismatches | E25: Match Rate
B26: TOTAL ST | C26: =$D$6 -> 542 | D26: =COUNTIFS('02 Exceptions'!$C$5:$C$15,B26) -> 6 | E26: =IF((C26+D26)>0,C26/(C26+D26),0) -> 0.98905109
B27: EMPLOYEE - FIRST | C27: =$D$6 -> 542 | D27: =COUNTIFS('02 Exceptions'!$C$5:$C$15,B27) -> 4 | E27: =IF((C27+D27)>0,C27/(C27+D27),0) -> 0.99267399
B28: TOTAL OT | C28: =$D$6 -> 542 | D28: =COUNTIFS('02 Exceptions'!$C$5:$C$15,B28) -> 1 | E28: =IF((C28+D28)>0,C28/(C28+D28),0) -> 0.99815838
B30: KEY INSIGHTS
B31: ="• "&TEXT($J$6,"0.0%")&" of records matched perfectly ("&$D$6&" of "&$B$6&")." -> • 94.9% of records matched perfectly (542 of 571).
B32: ="• "&$F$6&" discrepant record(s) identified ("&(COUNTA('02 Exceptions'!B5:B15))&" field mismatches) — review required." -> • 9 discrepant record(s) identified (11 field mismatches) — review required.
B33: ="• "&(COUNTA('04 Missing - Books'!A5:A14)+COUNTA('05 Missing - Portal'!A5:A14))&" record(s) missing from one or both sources ("&(COUNTA('04 Missing - Books'!A5:A14))&" Books.xlsx, "&(COUNTA('05 Missing - Portal'!A5:A14))&" portal.xlsx)." -> • 20 record(s) missing from one or both sources (10 Books.xlsx, 10 portal.xlsx).
B34: ="• Field '"&INDEX($B$26:$B$28,MATCH(MAX($D$26:$D$28),$D$26:$D$28,0))&"' has the highest exception count ("&MAX($D$26:$D$28)&")." -> • Field 'TOTAL ST' has the highest exception count (6).
B36: CONTROL SUMMARY
B37: Total Records | E37: Outstanding Exceptions | H37: Missing Records | K37: Full Audit Trail
B38: =$B$6 -> 571 | E38: =$F$6 -> 9 | H38: =$H$6 -> 20 | K38: See tab 07
B40: Full detail, formulas, and audit trail for every figure above are available on tabs 02–07 of this workbook.
B42: RecliQ Reconciliation Engine • Confidential — Internal Use Only

Sheet 02 Exceptions
A1: Exception Log — Field-Level Mismatches
A2: Records present in both files where one or more compared fields did not match. One row per field-level mismatch; a record may appear more than once.
A4: Exception ID | B4: Match Key (EMP#) | C4: Field | D4: Books.xlsx Value | E4: portal.xlsx Value | F4: Difference | G4: Difference % | H4: Exception Type | I4: Severity | J4: Status | K4: Action Notes | L4: Distinct Record
A5: EX-000001 | B5: IGS0523 | C5: TOTAL ST | D5: 33 | E5: 32 | F5: 1 | G5: 0.03125 | H5: Value Difference | I5: Medium | J5: Open | L5: =IF(COUNTIF($B$5:B5,B5)=1,1,0) -> 1
A6: EX-000002 | B6: IGS0259 | C6: TOTAL OT | D6: 3 | E6: 2.2 | F6: 0.8 | G6: 0.36363636 | H6: Value Difference | I6: Medium | J6: Open | L6: =IF(COUNTIF($B$5:B6,B6)=1,1,0) -> 1
A7: EX-000003 | B7: IGS1291 | C7: TOTAL ST | D7: 31 | E7: 72 | F7: -41 | G7: -0.56944444 | H7: Value Difference | I7: Medium | J7: Open | L7: =IF(COUNTIF($B$5:B7,B7)=1,1,0) -> 1
A8: EX-000004 | B8: IGS1324 | C8: EMPLOYEE - FIRST | D8: Deborah | E8: geller | H8: Text Difference | I8: Medium | J8: Open | L8: =IF(COUNTIF($B$5:B8,B8)=1,1,0) -> 1
A9: EX-000004 | B9: IGS1324 | C9: TOTAL ST | D9: 3 | E9: 72 | F9: -69 | G9: -0.95833333 | H9: Value Difference | I9: Medium | J9: Open | L9: =IF(COUNTIF($B$5:B9,B9)=1,1,0) -> 0
A10: EX-000005 | B10: IGS0042 | C10: EMPLOYEE - FIRST | D10: Abena A | E10: Tribiyani | H10: Text Difference | I10: Medium | J10: Open | L10: =IF(COUNTIF($B$5:B10,B10)=1,1,0) -> 1
A11: EX-000005 | B11: IGS0042 | C11: TOTAL ST | D11: 31 | E11: 80 | F11: -49 | G11: -0.6125 | H11: Value Difference | I11: Medium | J11: Open | L11: =IF(COUNTIF($B$5:B11,B11)=1,1,0) -> 0
A12: EX-000006 | B12: IGS1033 | C12: TOTAL ST | D12: 64 | E12: 72 | F12: -8 | G12: -0.11111111 | H12: Value Difference | I12: Medium | J12: Open | L12: =IF(COUNTIF($B$5:B12,B12)=1,1,0) -> 1
A13: EX-000007 | B13: IGS1064 | C13: TOTAL ST | D13: 64 | E13: 80 | F13: -16 | G13: -0.2 | H13: Value Difference | I13: Medium | J13: Open | L13: =IF(COUNTIF($B$5:B13,B13)=1,1,0) -> 1
A14: EX-000008 | B14: IGS1247 | C14: EMPLOYEE - FIRST | D14: Verma | E14: Adrian | H14: Text Difference | I14: Medium | J14: Open | L14: =IF(COUNTIF($B$5:B14,B14)=1,1,0) -> 1
A15: EX-000009 | B15: IGS1069 | C15: EMPLOYEE - FIRST | D15: Das | E15: Kishore | H15: Text Difference | I15: Medium | J15: Open | L15: =IF(COUNTIF($B$5:B15,B15)=1,1,0) -> 1

Sheet 03 Matched Records
A1: Matched Records — Fully Reconciled
A2: Records found in both Books.xlsx and portal.xlsx with an identical EMP# key and no field-level differences.
A4: Books.xlsx Row | B4: portal.xlsx Row | C4: EMP# (Books.xlsx) | D4: EMP# (portal.xlsx) | E4: Match Type | F4: Match Confidence | G4: Match Status
A5: 11 | B5: 11 | C5: IGS1344 | D5: IGS1344 | E5: numeric | F5: 1 | G5: Exact numeric match
A6: 12 | B6: 12 | C6: IGS1238 | D6: IGS1238 | E6: numeric | F6: 1 | G6: Exact numeric match
A7: 13 | B7: 13 | C7: IGS0307 | D7: IGS0307 | E7: numeric | F7: 1 | G7: Exact numeric match
A8: 14 | B8: 14 | C8: IGS0597 | D8: IGS0597 | E8: numeric | F8: 1 | G8: Exact numeric match
A9: 15 | B9: 15 | C9: IGS0949 | D9: IGS0949 | E9: numeric | F9: 1 | G9: Exact numeric match
A10: 16 | B10: 16 | C10: IGS1201 | D10: IGS1201 | E10: numeric | F10: 1 | G10: Exact numeric match
A11: 17 | B11: 17 | C11: IGS0095 | D11: IGS0095 | E11: numeric | F11: 1 | G11: Exact numeric match
A12: 18 | B12: 18 | C12: IGS1200 | D12: IGS1200 | E12: numeric | F12: 1 | G12: Exact numeric match
A13: 19 | B13: 19 | C13: IGS1135 | D13: IGS1135 | E13: numeric | F13: 1 | G13: Exact numeric match
A14: 20 | B14: 20 | C14: IGS1349 | D14: IGS1349 | E14: numeric | F14: 1 | G14: Exact numeric match
A15: 21 | B15: 21 | C15: IGS0393 | D15: IGS0393 | E15: numeric | F15: 1 | G15: Exact numeric match
A16: 22 | B16: 22 | C16: IGS1153 | D16: IGS1153 | E16: numeric | F16: 1 | G16: Exact numeric match
... A546: 585 | B546: 585 | C546: IGS0908 | D546: IGS0908 | E546: numeric | F546: 1 | G546: Exact numeric match

Sheet 04 Missing - Books
A1: Missing from Books.xlsx (File 1)
A2: Records present in portal.xlsx but with no matching EMP# found in Books.xlsx.
A4: EMP# | B4: Client | C4: Employee - Last | D4: Employee - First | E4: Total ST | F4: Total OT | G4: Total Rate 2 OT | H4: Per Diem/Benf. Offset | I4: Per Diem Rate | J4: Expenses | K4: Holiday | L4: Misc. Earnings | M4: Vacation | N4: Sick | O4: Retro Pay | P4: Retro ST | Q4: Retro OT | R4: Bonus | S4: portal.xlsx Row
A5: IGS09091 | B5: Facebook | C5: Saransh | D5: Khajuria | E5: 72 | F5: 5 | G5: 0 | H5: 0 | I5: 0 | J5: 0 | K5: 0 | L5: 0 | M5: 0 | N5: 0 | O5: 0 | P5: 0 | Q5: 0 | R5: 0 | S5: 586
A6: IGS09102 | B6: Facebook | C6: Muskan | D6: Jain | E6: 72 | F6: 5 | G6: 0 | H6: 0 | I6: 0 | J6: 0 | K6: 0 | L6: 0 | M6: 0 | N6: 0 | O6: 0 | P6: 0 | Q6: 0 | R6: 0 | S6: 587
A7: IGS09113 | B7: Facebook | C7: Jagdev | D7: Rainu | E7: 72 | F7: 5 | G7: 0 | H7: 0 | I7: 0 | J7: 0 | K7: 0 | L7: 0 | M7: 0 | N7: 0 | O7: 0 | P7: 0 | Q7: 0 | R7: 0 | S7: 588
A8: IGS09124 | B8: Facebook | C8: Moksh | D8: varma | E8: 72 | F8: 5 | G8: 0 | H8: 0 | I8: 0 | J8: 0 | K8: 0 | L8: 0 | M8: 0 | N8: 0 | O8: 0 | P8: 0 | Q8: 0 | R8: 0 | S8: 589
A9: IGS09135 | B9: Facebook | C9: Ajay | D9: Verma | E9: 72 | F9: 5 | G9: 0 | H9: 0 | I9: 0 | J9: 0 | K9: 0 | L9: 0 | M9: 0 | N9: 0 | O9: 0 | P9: 0 | Q9: 0 | R9: 0 | S9: 590
A10: IGS09146 | B10: Facebook | C10: Satyendra | D10: Singh | E10: 72 | F10: 5 | G10: 0 | H10: 0 | I10: 0 | J10: 0 | K10: 0 | L10: 0 | M10: 0 | N10: 0 | O10: 0 | P10: 0 | Q10: 0 | R10: 0 | S10: 591
A11: IGS09157 | B11: Facebook | C11: paresh | D11: Jain | E11: 72 | F11: 5 | G11: 0 | H11: 0 | I11: 0 | J11: 0 | K11: 0 | L11: 0 | M11: 0 | N11: 0 | O11: 0 | P11: 0 | Q11: 0 | R11: 0 | S11: 592
A12: IGS09168 | B12: Facebook | C12: Joe | D12: trbiyani | E12: 72 | F12: 5 | G12: 0 | H12: 0 | I12: 0 | J12: 0 | K12: 0 | L12: 0 | M12: 0 | N12: 0 | O12: 0 | P12: 0 | Q12: 0 | R12: 0 | S12: 593
A13: IGS09179 | B13: Facebook | C13: ross | D13: geller | E13: 72 | F13: 5 | G13: 0 | H13: 0 | I13: 0 | J13: 0 | K13: 0 | L13: 0 | M13: 0 | N13: 0 | O13: 0 | P13: 0 | Q13: 0 | R13: 0 | S13: 594
A14: IGS091799 | B14: Facebook | C14: shivam | D14: verma | E14: 72 | F14: 5 | G14: 0 | H14: 0 | I14: 0 | J14: 0 | K14: 0 | L14: 0 | M14: 0 | N14: 0 | O14: 0 | P14: 0 | Q14: 0 | R14: 0 | S14: 595

Sheet 05 Missing - Portal
A1: Missing from portal.xlsx (File 2)
A2: Records present in Books.xlsx but with no matching EMP# found in portal.xlsx.
A4: EMP# | B4: Client | C4: Employee - Last | D4: Employee - First | E4: Total ST | F4: Total OT | G4: Total Rate 2 OT | H4: Per Diem/Benf. Offset | I4: Per Diem Rate | J4: Expenses | K4: Holiday | L4: Misc. Earnings | M4: Vacation | N4: Sick | O4: Retro Pay | P4: Retro ST | Q4: Retro OT | R4: Bonus | S4: Books.xlsx Row
A5: IGS090945 | B5: Google | C5: Jagdev | D5: Singh | E5: 40 | F5: 2 | G5: 0 | H5: 0 | I5: 0 | J5: 0 | K5: 0 | L5: 0 | M5: 0 | N5: 0 | O5: 0 | P5: 0 | Q5: 0 | R5: 0 | S5: 586
A6: IGS091054 | B6: Google | C6: Aman | D6: Sharma | E6: 40 | F6: 2 | G6: 0 | H6: 0 | I6: 0 | J6: 0 | K6: 0 | L6: 0 | M6: 0 | N6: 0 | O6: 0 | P6: 0 | Q6: 0 | R6: 0 | S6: 587
A7: IGS091146 | B7: Google | C7: muskan | D7: Gupta | E7: 40 | F7: 2 | G7: 0 | H7: 0 | I7: 0 | J7: 0 | K7: 0 | L7: 0 | M7: 0 | N7: 0 | O7: 0 | P7: 0 | Q7: 0 | R7: 0 | S7: 588
A8: IGS09127 | B8: Google | C8: Dhananjay | D8: Gupta | E8: 40 | F8: 2 | G8: 0 | H8: 0 | I8: 0 | J8: 0 | K8: 0 | L8: 0 | M8: 0 | N8: 0 | O8: 0 | P8: 0 | Q8: 0 | R8: 0 | S8: 589
A9: IGS09139 | B9: Google | C9: Apurav | D9: Khajuria | E9: 40 | F9: 2 | G9: 0 | H9: 0 | I9: 0 | J9: 0 | K9: 0 | L9: 0 | M9: 0 | N9: 0 | O9: 0 | P9: 0 | Q9: 0 | R9: 0 | S9: 590
A10: IGS09147 | B10: Google | C10: Shivam | D10: Gupta | E10: 40 | F10: 2 | G10: 0 | H10: 0 | I10: 0 | J10: 0 | K10: 0 | L10: 0 | M10: 0 | N10: 0 | O10: 0 | P10: 0 | Q10: 0 | R10: 0 | S10: 591
A11: IGS091564 | B11: Google | C11: Dhwani | D11: Sharma | E11: 40 | F11: 2 | G11: 0 | H11: 0 | I11: 0 | J11: 0 | K11: 0 | L11: 0 | M11: 0 | N11: 0 | O11: 0 | P11: 0 | Q11: 0 | R11: 0 | S11: 592
A12: IGS091664 | B12: Google | C12: Vinny | D12: Tagotra | E12: 40 | F12: 2 | G12: 0 | H12: 0 | I12: 0 | J12: 0 | K12: 0 | L12: 0 | M12: 0 | N12: 0 | O12: 0 | P12: 0 | Q12: 0 | R12: 0 | S12: 593
A13: IGS091732 | B13: Google | C13: Paresh | D13: Jain | E13: 40 | F13: 2 | G13: 0 | H13: 0 | I13: 0 | J13: 0 | K13: 0 | L13: 0 | M13: 0 | N13: 0 | O13: 0 | P13: 0 | Q13: 0 | R13: 0 | S13: 594
A14: IGS091832 | B14: Google | C14: Moksh | D14: Verma | E14: 40 | F14: 2 | G14: 0 | H14: 0 | I14: 0 | J14: 0 | K14: 0 | L14: 0 | M14: 0 | N14: 0 | O14: 0 | P14: 0 | Q14: 0 | R14: 0 | S14: 595

Sheet 06 Field Differences
A1: Field Differences — Raw Comparison Detail
A2: Underlying field-by-field comparison for every matched EMP# where at least one value differed.
A4: Match Key (EMP#) | B4: Field | C4: Books.xlsx Value | D4: portal.xlsx Value | E4: Difference | F4: Difference % | G4: Result
A5: IGS0523 | B5: TOTAL ST | C5: 33 | D5: 32 | E5: 1 | F5: 0.03125 | G5: Mismatch
A6: IGS0259 | B6: TOTAL OT | C6: 3 | D6: 2.2 | E6: 0.8 | F6: 0.36363636 | G6: Mismatch
A7: IGS1291 | B7: TOTAL ST | C7: 31 | D7: 72 | E7: -41 | F7: -0.56944444 | G7: Mismatch
A8: IGS1324 | B8: EMPLOYEE - FIRST | C8: Deborah | D8: geller | G8: Mismatch
A9: IGS1324 | B9: TOTAL ST | C9: 3 | D9: 72 | E9: -69 | F9: -0.95833333 | G9: Mismatch
A10: IGS0042 | B10: EMPLOYEE - FIRST | C10: Abena A | D10: Tribiyani | G10: Mismatch
A11: IGS0042 | B11: TOTAL ST | C11: 31 | D11: 80 | E11: -49 | F11: -0.6125 | G11: Mismatch
A12: IGS1033 | B12: TOTAL ST | C12: 64 | D12: 72 | E12: -8 | F12: -0.11111111 | G12: Mismatch
A13: IGS1064 | B13: TOTAL ST | C13: 64 | D13: 80 | E13: -16 | F13: -0.2 | G13: Mismatch
A14: IGS1247 | B14: EMPLOYEE - FIRST | C14: Verma | D14: Adrian | G14: Mismatch
A15: IGS1069 | B15: EMPLOYEE - FIRST | C15: Das | D15: Kishore | G15: Mismatch

Sheet 07 Control Checks
A1: Control Checks — Reconciliation Audit Trail
A2: All figures are calculated directly from the detail tabs, so this panel always reflects current data.
A4: Control | B4: Books.xlsx (File 1) | C4: portal.xlsx (File 2) | D4: Result
A5: Total records in scope | B5: =COUNTA('03 Matched Records'!C5:C546)+SUM('02 Exceptions'!L5:L15)+COUNTA('05 Missing - Portal'!A5:A14) -> 561 | C5: =COUNTA('03 Matched Records'!C5:C546)+SUM('02 Exceptions'!L5:L15)+COUNTA('04 Missing - Books'!A5:A14) -> 561 | D5: =IF(B5=C5,"Pass","Review") -> Pass
A6: Matched records (no differences) | B6: =COUNTA('03 Matched Records'!C5:C546) -> 542 | C6: =COUNTA('03 Matched Records'!C5:C546) -> 542 | D6: =IF(B6=C6,"Pass","Review") -> Pass
A7: Exception records (1+ field mismatch) | B7: =SUM('02 Exceptions'!L5:L15) -> 9 | C7: =SUM('02 Exceptions'!L5:L15) -> 9 | D7: =IF(B7=0,"Pass","Review Required") -> Review Required
A8: Records missing from Books.xlsx | B8: =COUNTA('04 Missing - Books'!A5:A14) -> 10 | C8: — | D8: =IF(B8=0,"Pass","Review Required") -> Review Required
A9: Records missing from portal.xlsx | B9: — | C9: =COUNTA('05 Missing - Portal'!A5:A14) -> 10 | D9: =IF(C9=0,"Pass","Review Required") -> Review Required
A11: Methodology
A12: • Matching key: EMP# (case-insensitive, numeric-normalized).
A13: • 'Total records in scope' = Matched + Exception + records missing from the opposite file.
A14: • An 'Exception record' has 1 or more field-level mismatches — see tab '02 Exceptions' for detail.
A15: • Source files: Books.xlsx (internal payroll ledger) vs portal.xlsx (client/vendor portal export).
