Workbook

Sheet 01 Executive Summary
B1: RECLIQ | RECONCILIATION EXECUTIVE SUMMARY
B2: RecliQ_All_5_Levels_Test - Books.xlsx vs. RecliQ_All_5_Levels_Test - Portal.xlsx • Matching Key: INVOICE NO • Report Generated: September 06, 2026
B4: KEY METRICS
B5: TOTAL RECORDS IN SCOPE | D5: MATCHED | F5: EXCEPTIONS | H5: MISSING | J5: MATCH RATE | L5: EXCEPTION RATE
B6: =COUNTA('03 Matched Records'!C5:C8)+SUM('02 Exceptions'!L5:L5)+COUNTA('04 Missing - RecliQ_All_5_Level'!A5:A5)+COUNTA('05 Missing - RecliQ_All_5_Level'!A5:A5) | D6: =COUNTA('03 Matched Records'!C5:C8) | F6: =SUM('02 Exceptions'!L5:L5) | H6: =COUNTA('04 Missing - RecliQ_All_5_Level'!A5:A5)+COUNTA('05 Missing - RecliQ_All_5_Level'!A5:A5) | J6: =IF($B$6>0,$D$6/$B$6,0) | L6: =IF($B$6>0,$F$6/$B$6,0)
B7: ="Unique INVOICE NO across both files" | D7: ="of "&$B$6&" records reviewed" | F7: =(COUNTA('02 Exceptions'!B5:B5))&" field-level mismatch(es)" | H7: =(COUNTA('04 Missing - RecliQ_All_5_Level'!A5:A5))&" + "&(COUNTA('05 Missing - RecliQ_All_5_Level'!A5:A5))&" by source" | J7: ="records matched cleanly" | L7: ="records need review"
B9: RECONCILIATION OUTCOME
B10: Category | C10: Count | D10: % of Total
B11: Matched | C11: =$D$6 | D11: =C11/$B$6
B12: Exceptions | C12: =$F$6 | D12: =C12/$B$6
B13: Missing — RecliQ_All_5_Levels_Test - Books.xlsx | C13: =COUNTA('04 Missing - RecliQ_All_5_Level'!A5:A5) | D13: =C13/$B$6
B14: Missing — RecliQ_All_5_Levels_Test - Portal.xlsx | C14: =COUNTA('05 Missing - RecliQ_All_5_Level'!A5:A5) | D14: =C14/$B$6
B15: Total | C15: =SUM(C11:C14) | D15: =SUM(D11:D14)
B17: EXCEPTION BREAKDOWN BY TYPE
B18: Exception Type | C18: Count | D18: % of Total
B19: Value Difference | C19: =COUNTIFS('02 Exceptions'!$H$5:$H$5,"Value Difference") | D19: =C19/SUM($C$19:$C$22)
B20: Text Difference | C20: =COUNTIFS('02 Exceptions'!$H$5:$H$5,"Text Difference") | D20: =C20/SUM($C$19:$C$22)
B21: Missing — RecliQ_All_5_Levels_Test - Books.xlsx | C21: =COUNTA('04 Missing - RecliQ_All_5_Level'!A5:A5) | D21: =C21/SUM($C$19:$C$22)
B22: Missing — RecliQ_All_5_Levels_Test - Portal.xlsx | C22: =COUNTA('05 Missing - RecliQ_All_5_Level'!A5:A5) | D22: =C22/SUM($C$19:$C$22)
B24: FIELD-LEVEL PERFORMANCE
B25: Field | C25: Matched | D25: Mismatches | E25: Match Rate
B26: Sample Field | C26: =$D$6 | D26: =COUNTIFS('02 Exceptions'!$C$5:$C$5,B26) | E26: =IF((C26+D26)>0,C26/(C26+D26),0)
B30: KEY INSIGHTS
B31: ="• "&TEXT($J$6,"0.0%")&" of records matched perfectly ("&$D$6&" of "&$B$6&")."
B32: ="• "&$F$6&" discrepant record(s) identified ("&(COUNTA('02 Exceptions'!B5:B5))&" field mismatches) — review required."
B33: ="• "&(COUNTA('04 Missing - RecliQ_All_5_Level'!A5:A5)+COUNTA('05 Missing - RecliQ_All_5_Level'!A5:A5))&" record(s) missing from one or both sources ("&(COUNTA('04 Missing - RecliQ_All_5_Level'!A5:A5))&" RecliQ_All_5_Levels_Test - Books.xlsx, "&(COUNTA('05 Missing - RecliQ_All_5_Level'!A5:A5))&" RecliQ_All_5_Levels_Test - Portal.xlsx)."
B34: ="• Field '"&INDEX($B$26:$B$26,MATCH(MAX($D$26:$D$26),$D$26:$D$26,0))&"' has the highest exception count ("&MAX($D$26:$D$26)&")."
B36: CONTROL SUMMARY
B37: Total Records | E37: Outstanding Exceptions | H37: Missing Records | K37: Full Audit Trail
B38: =$B$6 | E38: =$F$6 | H38: =$H$6 | K38: See tab 07
B40: Full detail, formulas, and audit trail for every figure above are available on tabs 02–07 of this workbook.
B42: RecliQ Reconciliation Engine • Confidential — Internal Use Only

Sheet 02 Exceptions
A1: Exception Log — Field-Level Mismatches
A2: Records present in both files where one or more compared fields did not match. One row per field-level mismatch; a record may appear more than once.
A4: Exception ID | B4: Match Key (INVOICE NO) | C4: Field | D4: RecliQ_All_5_Levels_Test - Books.xlsx Value | E4: RecliQ_All_5_Levels_Test - Portal.xlsx Value | F4: Difference | G4: Difference % | H4: Exception Type | I4: Severity | J4: Status | K4: Action Notes | L4: Distinct Record

Sheet 03 Matched Records
A1: Matched Records — Audit Log
A2: Records that matched perfectly across all compared fields. Read-only audit log.
A4: RecliQ_All_5_Levels_Test - Books.xlsx Row | B4: RecliQ_All_5_Levels_Test - Portal.xlsx Row | C4: INVOICE NO (RecliQ_All_5_Levels_Test - Books.xlsx) | D4: INVOICE NO (RecliQ_All_5_Levels_Test - Portal.xlsx) | E4: Match Type | F4: Match Confidence | G4: Match Status
A5: 2 | B5: 2 | C5: INV001 | D5: INV001 | E5: invoice | F5: 100% | G5: Exact identifier match
A6: 3 | B6: 3 | C6: INV002 | D6: INV002 | E6: invoice | F6: 100% | G6: Exact identifier match
A7: 4 | B7: 4 | C7: INV003 | D7: INV003 | E7: invoice | F7: 100% | G7: Exact identifier match
A8: 5 | B8: 5 | C8: INV004 | D8: INV004 | E8: invoice | F8: 100% | G8: Exact identifier match

Sheet 04 Missing - RecliQ_All_5_Level
A1: Missing from RecliQ_All_5_Levels_Test - Books.xlsx (File 1)
A2: Records present in RecliQ_All_5_Levels_Test - Portal.xlsx but with no matching INVOICE NO found in RecliQ_All_5_Levels_Test - Books.xlsx.
A4: INVOICE NO | B4: RecliQ_All_5_Levels_Test - Portal.xlsx Row

Sheet 05 Missing - RecliQ_All_5_Level
A1: Missing from RecliQ_All_5_Levels_Test - Portal.xlsx (File 2)
A2: Records present in RecliQ_All_5_Levels_Test - Books.xlsx but with no matching INVOICE NO found in RecliQ_All_5_Levels_Test - Portal.xlsx.
A4: INVOICE NO | B4: RecliQ_All_5_Levels_Test - Books.xlsx Row

Sheet 06 Field Differences
A1: Field Differences — Granular Side-by-Side Comparison
A2: Detailed breakdown of every field-level difference between matched record pairs.
A4: Match Key (INVOICE NO) | B4: Field | C4: RecliQ_All_5_Levels_Test - Books.xlsx Value | D4: RecliQ_All_5_Levels_Test - Portal.xlsx Value | E4: Difference | F4: Difference % | G4: Result

Sheet 07 Control Checks
A1: Control Checks — Reconciliation Audit Trail
A2: All figures are calculated directly from the detail tabs, so this panel always reflects current data.
A4: Control | B4: RecliQ_All_5_Levels_Test - Books.xlsx (File 1) | C4: RecliQ_All_5_Levels_Test - Portal.xlsx (File 2) | D4: Result
A5: Total records in scope | B5: =COUNTA('03 Matched Records'!C5:C8)+SUM('02 Exceptions'!L5:L5)+COUNTA('05 Missing - RecliQ_All_5_Level'!A5:A5) | C5: =COUNTA('03 Matched Records'!C5:C8)+SUM('02 Exceptions'!L5:L5)+COUNTA('04 Missing - RecliQ_All_5_Level'!A5:A5) | D5: =IF(B5=C5,"Pass","Review")
A6: Matched records (no differences) | B6: =COUNTA('03 Matched Records'!C5:C8) | C6: =COUNTA('03 Matched Records'!C5:C8) | D6: =IF(B6=C6,"Pass","Review")
A7: Exception records (1+ field mismatch) | B7: =SUM('02 Exceptions'!L5:L5) | C7: =SUM('02 Exceptions'!L5:L5) | D7: =IF(B7=0,"Pass","Review Required")
A8: Records missing from RecliQ_All_5_Levels_Test - Books.xlsx | B8: =COUNTA('04 Missing - RecliQ_All_5_Level'!A5:A5) | C8: — | D8: =IF(B8=0,"Pass","Review Required")
A9: Records missing from RecliQ_All_5_Levels_Test - Portal.xlsx | B9: — | C9: =COUNTA('05 Missing - RecliQ_All_5_Level'!A5:A5) | D9: =IF(C9=0,"Pass","Review Required")
A11: Methodology
A12: • Matching key: INVOICE NO (case-insensitive, numeric-normalized).
A13: • 'Total records in scope' = Matched + Exception + records missing from the opposite file.
A14: • An 'Exception record' has 1 or more field-level mismatches — see tab '02 Exceptions' for detail.
A15: • Source files: RecliQ_All_5_Levels_Test - Books.xlsx vs RecliQ_All_5_Levels_Test - Portal.xlsx.
