Workbook

Sheet 01 Executive Summary
B1: RECLIQ | RECONCILIATION EXECUTIVE SUMMARY
B2: RecliQ_Universal_Reconciliation_Master_Test - Book.xlsx vs. RecliQ_Universal_Reconciliation_Master_Test - portal.xlsx • Matching Key: INVOICE NO • Report Generated: September 06, 2026
B4: KEY METRICS
B5: TOTAL RECORDS IN SCOPE | D5: MATCHED | F5: EXCEPTIONS | H5: MISSING | J5: MATCH RATE | L5: EXCEPTION RATE
B6: =COUNTA('03 Matched Records'!C5:C5)+SUM('02 Exceptions'!L5:L38)+COUNTA('04 Missing - RecliQ_Universal_R'!A5:A8)+COUNTA('05 Missing - RecliQ_Universal_R'!A5:A6) | D6: =COUNTA('03 Matched Records'!C5:C5) | F6: =SUM('02 Exceptions'!L5:L38) | H6: =COUNTA('04 Missing - RecliQ_Universal_R'!A5:A8)+COUNTA('05 Missing - RecliQ_Universal_R'!A5:A6) | J6: =IF($B$6>0,$D$6/$B$6,0) | L6: =IF($B$6>0,$F$6/$B$6,0)
B7: ="Unique INVOICE NO across both files" | D7: ="of "&$B$6&" records reviewed" | F7: =(COUNTA('02 Exceptions'!B5:B38))&" field-level mismatch(es)" | H7: =(COUNTA('04 Missing - RecliQ_Universal_R'!A5:A8))&" + "&(COUNTA('05 Missing - RecliQ_Universal_R'!A5:A6))&" by source" | J7: ="records matched cleanly" | L7: ="records need review"
B9: RECONCILIATION OUTCOME
B10: Category | C10: Count | D10: % of Total
B11: Matched | C11: =$D$6 | D11: =C11/$B$6
B12: Exceptions | C12: =$F$6 | D12: =C12/$B$6
B13: Missing — RecliQ_Universal_Reconciliation_Master_Test - Book.xlsx | C13: =COUNTA('04 Missing - RecliQ_Universal_R'!A5:A8) | D13: =C13/$B$6
B14: Missing — RecliQ_Universal_Reconciliation_Master_Test - portal.xlsx | C14: =COUNTA('05 Missing - RecliQ_Universal_R'!A5:A6) | D14: =C14/$B$6
B15: Total | C15: =SUM(C11:C14) | D15: =SUM(D11:D14)
B17: EXCEPTION BREAKDOWN BY TYPE
B18: Exception Type | C18: Count | D18: % of Total
B19: Value Difference | C19: =COUNTIFS('02 Exceptions'!$H$5:$H$38,"Value Difference") | D19: =C19/SUM($C$19:$C$22)
B20: Text Difference | C20: =COUNTIFS('02 Exceptions'!$H$5:$H$38,"Text Difference") | D20: =C20/SUM($C$19:$C$22)
B21: Missing — RecliQ_Universal_Reconciliation_Master_Test - Book.xlsx | C21: =COUNTA('04 Missing - RecliQ_Universal_R'!A5:A8) | D21: =C21/SUM($C$19:$C$22)
B22: Missing — RecliQ_Universal_Reconciliation_Master_Test - portal.xlsx | C22: =COUNTA('05 Missing - RecliQ_Universal_R'!A5:A6) | D22: =C22/SUM($C$19:$C$22)
B24: FIELD-LEVEL PERFORMANCE
B25: Field | C25: Matched | D25: Mismatches | E25: Match Rate
B26: VENDOR NAME | C26: =$D$6 | D26: =COUNTIFS('02 Exceptions'!$C$5:$C$38,B26) | E26: =IF((C26+D26)>0,C26/(C26+D26),0)
B27: TAXABLE VALUE | C27: =$D$6 | D27: =COUNTIFS('02 Exceptions'!$C$5:$C$38,B27) | E27: =IF((C27+D27)>0,C27/(C27+D27),0)
B28: GST | C28: =$D$6 | D28: =COUNTIFS('02 Exceptions'!$C$5:$C$38,B28) | E28: =IF((C28+D28)>0,C28/(C28+D28),0)
B29: INVOICE DATE | C29: =$D$6 | D29: =COUNTIFS('02 Exceptions'!$C$5:$C$38,B29) | E29: =IF((C29+D29)>0,C29/(C29+D29),0)
B30: TOTAL BOOK VALUE | C30: =$D$6 | D30: =COUNTIFS('02 Exceptions'!$C$5:$C$38,B30) | E30: =IF((C30+D30)>0,C30/(C30+D30),0)
B31: PO REFERENCE | C31: =$D$6 | D31: =COUNTIFS('02 Exceptions'!$C$5:$C$38,B31) | E31: =IF((C31+D31)>0,C31/(C31+D31),0)
B33: KEY INSIGHTS
B34: ="• "&TEXT($J$6,"0.0%")&" of records matched perfectly ("&$D$6&" of "&$B$6&")."
B35: ="• "&$F$6&" discrepant record(s) identified ("&(COUNTA('02 Exceptions'!B5:B38))&" field mismatches) — review required."
B36: ="• "&(COUNTA('04 Missing - RecliQ_Universal_R'!A5:A8)+COUNTA('05 Missing - RecliQ_Universal_R'!A5:A6))&" record(s) missing from one or both sources ("&(COUNTA('04 Missing - RecliQ_Universal_R'!A5:A8))&" RecliQ_Universal_Reconciliation_Master_Test - Book.xlsx, "&(COUNTA('05 Missing - RecliQ_Universal_R'!A5:A6))&" RecliQ_Universal_Reconciliation_Master_Test - portal.xlsx)."
B37: ="• Field '"&INDEX($B$26:$B$31,MATCH(MAX($D$26:$D$31),$D$26:$D$31,0))&"' has the highest exception count ("&MAX($D$26:$D$31)&")."
B39: CONTROL SUMMARY
B40: Total Records | E40: Outstanding Exceptions | H40: Missing Records | K40: Full Audit Trail
B41: =$B$6 | E41: =$F$6 | H41: =$H$6 | K41: See tab 07
B43: Full detail, formulas, and audit trail for every figure above are available on tabs 02–07 of this workbook.
B45: RecliQ Reconciliation Engine • Confidential — Internal Use Only

Sheet 02 Exceptions
A1: Exception Log — Field-Level Mismatches
A2: Records present in both files where one or more compared fields did not match. One row per field-level mismatch; a record may appear more than once.
A4: Exception ID | B4: Match Key (INVOICE NO) | C4: Field | D4: RecliQ_Universal_Reconciliation_Master_Test - Book.xlsx Value | E4: RecliQ_Universal_Reconciliation_Master_Test - portal.xlsx Value | F4: Difference | G4: Difference % | H4: Exception Type | I4: Severity | J4: Status | K4: Action Notes | L4: Distinct Record
A5: EX-000001 | C5: PO REFERENCE | D5: PO-501 | E5: P-9001 | F5: 8500 | H5: Value Difference | I5: Critical | J5: Open | L5: =IF(COUNTIF($B$5:B5,B5)=1,1,0)
A6: EX-000002 | C6: INVOICE DATE | D6: 02-Aug-2026 | E6: 2026-08-02 | H6: Text Difference | I6: Medium | J6: Open | L6: =IF(COUNTIF($B$5:B6,B6)=1,1,0)
A7: EX-000002 | C7: PO REFERENCE | D7: PO-502 | E7: P-9002 | F7: 8500 | H7: Value Difference | I7: Critical | J7: Open | L7: =IF(COUNTIF($B$5:B7,B7)=1,1,0)
A8: EX-000003 | C8: PO REFERENCE | D8: PO-503 | E8: P-9003 | F8: 8500 | H8: Value Difference | I8: Critical | J8: Open | L8: =IF(COUNTIF($B$5:B8,B8)=1,1,0)
A9: EX-000004 | C9: INVOICE DATE | D9: 2026/08/04 | E9: 04/08/2026 | F9: 16178778 | H9: Value Difference | I9: Critical | J9: Open | L9: =IF(COUNTIF($B$5:B9,B9)=1,1,0)
A10: EX-000004 | C10: PO REFERENCE | D10: PO-504 | E10: P-9004 | F10: 8500 | H10: Value Difference | I10: Critical | J10: Open | L10: =IF(COUNTIF($B$5:B10,B10)=1,1,0)
A11: EX-000005 | C11: INVOICE DATE | D11: 05-08-2026 | E11: 2026-08-05 | H11: Text Difference | I11: Medium | J11: Open | L11: =IF(COUNTIF($B$5:B11,B11)=1,1,0)
A12: EX-000005 | C12: PO REFERENCE | D12: PO-505 | E12: P-9005 | F12: 8500 | H12: Value Difference | I12: Critical | J12: Open | L12: =IF(COUNTIF($B$5:B12,B12)=1,1,0)
A13: EX-000006 | C13: INVOICE DATE | D13: 2026-08-06 | E13: 06-Aug-2026 | H13: Text Difference | I13: Medium | J13: Open | L13: =IF(COUNTIF($B$5:B13,B13)=1,1,0)
A14: EX-000006 | C14: PO REFERENCE | D14: PO-506 | E14: P-9006 | F14: 8500 | H14: Value Difference | I14: Critical | J14: Open | L14: =IF(COUNTIF($B$5:B14,B14)=1,1,0)
A15: EX-000007 | C15: INVOICE DATE | D15: 07/08/2026 | E15: 2026/08/07 | F15: -13178781 | H15: Value Difference | I15: Critical | J15: Open | L15: =IF(COUNTIF($B$5:B15,B15)=1,1,0)
A16: EX-000007 | C16: PO REFERENCE | D16: PO-507 | E16: P-9007 | F16: 8500 | H16: Value Difference | I16: Critical | J16: Open | L16: =IF(COUNTIF($B$5:B16,B16)=1,1,0)
A17: EX-000008 | C17: INVOICE DATE | D17: 2026-08-08 | E17: 08-08-2026 | H17: Text Difference | I17: Medium | J17: Open | L17: =IF(COUNTIF($B$5:B17,B17)=1,1,0)
A18: EX-000008 | C18: PO REFERENCE | D18: PO-508 | E18: P-9008 | F18: 8500 | H18: Value Difference | I18: Critical | J18: Open | L18: =IF(COUNTIF($B$5:B18,B18)=1,1,0)
A19: EX-000009 | C19: INVOICE DATE | D19: 09-Aug-2026 | E19: 2026-08-09 | H19: Text Difference | I19: Medium | J19: Open | L19: =IF(COUNTIF($B$5:B19,B19)=1,1,0)
A20: EX-000009 | C20: PO REFERENCE | D20: PO-509 | E20: P-9009 | F20: 8500 | H20: Value Difference | I20: Critical | J20: Open | L20: =IF(COUNTIF($B$5:B20,B20)=1,1,0)
A21: EX-000010 | C21: PO REFERENCE | D21: PO-510 | E21: P-9010 | F21: 8500 | H21: Value Difference | I21: Critical | J21: Open | L21: =IF(COUNTIF($B$5:B21,B21)=1,1,0)
A22: EX-000011 | C22: PO REFERENCE | D22: PO-511 | E22: P-9011 | F22: 8500 | H22: Value Difference | I22: Critical | J22: Open | L22: =IF(COUNTIF($B$5:B22,B22)=1,1,0)
A23: EX-000012 | C23: INVOICE DATE | D23: 2026-08-12 | E23: 12-Aug-2026 | H23: Text Difference | I23: Medium | J23: Open | L23: =IF(COUNTIF($B$5:B23,B23)=1,1,0)
A24: EX-000012 | C24: PO REFERENCE | D24: PO-512 | E24: P-9012 | F24: 8500 | H24: Value Difference | I24: Critical | J24: Open | L24: =IF(COUNTIF($B$5:B24,B24)=1,1,0)
A25: EX-000013 | C25: PO REFERENCE | D25: PO-513 | E25: P-9013 | F25: 8500 | H25: Value Difference | I25: Critical | J25: Open | L25: =IF(COUNTIF($B$5:B25,B25)=1,1,0)
A26: EX-000014 | C26: PO REFERENCE | D26: PO-514 | E26: P-9014 | F26: 8500 | H26: Value Difference | I26: Critical | J26: Open | L26: =IF(COUNTIF($B$5:B26,B26)=1,1,0)
A27: EX-000015 | C27: PO REFERENCE | D27: PO-515 | E27: P-9015 | F27: 8500 | H27: Value Difference | I27: Critical | J27: Open | L27: =IF(COUNTIF($B$5:B27,B27)=1,1,0)
A28: EX-000016 | C28: PO REFERENCE | D28: PO-516 | E28: P-9016 | F28: 8500 | H28: Value Difference | I28: Critical | J28: Open | L28: =IF(COUNTIF($B$5:B28,B28)=1,1,0)
A29: EX-000017 | C29: INVOICE DATE | D29: 17-Aug-2026 | E29: 2026-08-17 | H29: Text Difference | I29: Medium | J29: Open | L29: =IF(COUNTIF($B$5:B29,B29)=1,1,0)
A30: EX-000017 | C30: PO REFERENCE | D30: PO-517 | E30: P-9017 | F30: 8500 | H30: Value Difference | I30: Critical | J30: Open | L30: =IF(COUNTIF($B$5:B30,B30)=1,1,0)
A31: EX-000018 | C31: PO REFERENCE | D31: PO-518 | E31: P-9018 | F31: 8500 | H31: Value Difference | I31: Critical | J31: Open | L31: =IF(COUNTIF($B$5:B31,B31)=1,1,0)
A32: EX-000019 | C32: INVOICE DATE | D32: 2026-08-20 | E32: 20-Aug-2026 | H32: Text Difference | I32: Medium | J32: Open | L32: =IF(COUNTIF($B$5:B32,B32)=1,1,0)
A33: EX-000019 | C33: PO REFERENCE | D33: PO-520 | E33: P-9020 | F33: 8500 | H33: Value Difference | I33: Critical | J33: Open | L33: =IF(COUNTIF($B$5:B33,B33)=1,1,0)
A34: EX-000020 | C34: TAXABLE VALUE | D34: 0 | E34: 4000 | F34: -4000 | G34: -1 | H34: Value Difference | I34: Critical | J34: Open | L34: =IF(COUNTIF($B$5:B34,B34)=1,1,0)
A35: EX-000020 | C35: GST | D35: 0 | E35: 720 | F35: -720 | G35: -1 | H35: Value Difference | I35: High | J35: Open | L35: =IF(COUNTIF($B$5:B35,B35)=1,1,0)
A36: EX-000020 | C36: TOTAL BOOK VALUE | D36: 0 | E36: 4720 | F36: -4720 | G36: -1 | H36: Value Difference | I36: Critical | J36: Open | L36: =IF(COUNTIF($B$5:B36,B36)=1,1,0)
A37: EX-000020 | C37: PO REFERENCE | D37: PO-522 | E37: P-9022 | F37: 8500 | H37: Value Difference | I37: Critical | J37: Open | L37: =IF(COUNTIF($B$5:B37,B37)=1,1,0)
A38: EX-000021 | C38: PO REFERENCE | D38: PO-523 | E38: P-9023A | F38: 8500 | H38: Value Difference | I38: Critical | J38: Open | L38: =IF(COUNTIF($B$5:B38,B38)=1,1,0)

Sheet 03 Matched Records
A1: Matched Records — Audit Log
A2: Records that matched perfectly across all compared fields. Read-only audit log.
A4: RecliQ_Universal_Reconciliation_Master_Test - Book.xlsx Row | B4: RecliQ_Universal_Reconciliation_Master_Test - portal.xlsx Row | C4: INVOICE NO (RecliQ_Universal_Reconciliation_Master_Test - Book.xlsx) | D4: INVOICE NO (RecliQ_Universal_Reconciliation_Master_Test - portal.xlsx) | E4: Match Type | F4: Match Confidence | G4: Match Status

Sheet 04 Missing - RecliQ_Universal_R
A1: Missing from RecliQ_Universal_Reconciliation_Master_Test - Book.xlsx (File 1)
A2: Records present in RecliQ_Universal_Reconciliation_Master_Test - portal.xlsx but with no matching INVOICE NO found in RecliQ_Universal_Reconciliation_Master_Test - Book.xlsx.
A4: NORM_DOCUMENT NUMBER | B4: BASE AMOUNT | C4: GROSS AMOUNT | D4: DOCUMENT NUMBER | E4: POSTING DATE | F4: SUPPLIER | G4: TAX AMOUNT | H4: STATUS | I4: PORTAL REFERENCE | J4: CATEGORY | K4: __SOURCE_FILE__ | L4: __SOURCE_SHEET__ | M4: __SOURCE_ROW__ | N4: NORM_POSTING DATE | O4: NORM_SUPPLIER | P4: NORM_BASE AMOUNT | Q4: NORM_GROSS AMOUNT | R4: __GROUP_COUNT__ | S4: RecliQ_Universal_Reconciliation_Master_Test - portal.xlsx Row
A5: INV1019A | B5: 18000 | C5: 21240 | D5: INV1019-A | E5: 2026-08-19 | F5: Zenith Industries | G5: 3240 | H5: Posted | I5: P-9019A | J5: Manufacturing | K5: RecliQ_Universal_Reconciliation_Master_Test - portal.xlsx | L5: Portal | M5: 20 | N5: 2026-08-19 | O5: zenith industries | P5: 18000 | Q5: 21240 | R5: 1 | S5: 20
A6: INV1019B | B6: 12000 | C6: 14160 | D6: INV1019-B | E6: 19/08/2026 | F6: Zenith Industries | G6: 2160 | H6: Posted | I6: P-9019B | J6: Manufacturing | K6: RecliQ_Universal_Reconciliation_Master_Test - portal.xlsx | L6: Portal | M6: 21 | N6: 2026-08-19 | O6: zenith industries | P6: 12000 | Q6: 14160 | R6: 1 | S6: 21
A7: INV1023 | B7: 12000 | C7: 14160 | D7: INV1023 | E7: 23-Aug-2026 | F7: Duplicate Test Co | G7: 2160 | H7: Posted | I7: P-9023A | J7: Services | K7: RecliQ_Universal_Reconciliation_Master_Test - portal.xlsx | L7: Portal | M7: 24 | N7: 23-Aug-2026 | O7: duplicate test co | P7: 12000 | Q7: 14160
A8: INV1023 | B8: 12000 | C8: 14160 | D8: INV1023 | E8: 23-Aug-2026 | F8: Duplicate Test Co | G8: 2160 | H8: Posted | I8: P-9023B | J8: Services | K8: RecliQ_Universal_Reconciliation_Master_Test - portal.xlsx | L8: Portal | M8: 25 | N8: 23-Aug-2026 | O8: duplicate test co | P8: 12000 | Q8: 14160

Sheet 05 Missing - RecliQ_Universal_R
A1: Missing from RecliQ_Universal_Reconciliation_Master_Test - portal.xlsx (File 2)
A2: Records present in RecliQ_Universal_Reconciliation_Master_Test - Book.xlsx but with no matching INVOICE NO found in RecliQ_Universal_Reconciliation_Master_Test - portal.xlsx.
A4: NORM_INVOICE NO | B4: TAXABLE VALUE | C4: TOTAL BOOK VALUE | D4: INVOICE NO | E4: INVOICE DATE | F4: VENDOR NAME | G4: GST | H4: DEPARTMENT | I4: PO REFERENCE | J4: __SOURCE_FILE__ | K4: __SOURCE_SHEET__ | L4: __SOURCE_ROW__ | M4: NORM_INVOICE DATE | N4: NORM_VENDOR NAME | O4: NORM_TAXABLE VALUE | P4: NORM_TOTAL BOOK VALUE | Q4: __GROUP_COUNT__ | R4: RecliQ_Universal_Reconciliation_Master_Test - Book.xlsx Row
A5: INV1019 | B5: 30000 | C5: 35400 | D5: INV/1019 | E5: 19/08/2026 | F5: Zenith Industries | G5: 5400 | H5: Operations | I5: PO-519 | J5: RecliQ_Universal_Reconciliation_Master_Test - Book.xlsx | K5: Books | L5: 20 | M5: 19/08/2026 | N5: zenith industries | O5: 30000 | P5: 35400 | Q5: 1 | R5: 20
A6: INV1021 | B6: 5000 | C6: 5900 | D6: INV/1021 | E6: 21-08-2026 | F6: Missing From Portal Ltd | G6: 900 | H6: Sales | I6: PO-521 | J6: RecliQ_Universal_Reconciliation_Master_Test - Book.xlsx | K6: Books | L6: 22 | M6: 21-08-2026 | N6: missing from portal ltd | O6: 5000 | P6: 5900 | Q6: 1 | R6: 22

Sheet 06 Field Differences
A1: Field Differences — Granular Side-by-Side Comparison
A2: Detailed breakdown of every field-level difference between matched record pairs.
A4: Match Key (INVOICE NO) | B4: Field | C4: RecliQ_Universal_Reconciliation_Master_Test - Book.xlsx Value | D4: RecliQ_Universal_Reconciliation_Master_Test - portal.xlsx Value | E4: Difference | F4: Difference % | G4: Result
B5: PO REFERENCE | C5: PO-501 | D5: P-9001 | E5: 8500 | G5: Mismatch
B6: INVOICE DATE | C6: 02-Aug-2026 | D6: 2026-08-02 | G6: Mismatch
B7: PO REFERENCE | C7: PO-502 | D7: P-9002 | E7: 8500 | G7: Mismatch
B8: PO REFERENCE | C8: PO-503 | D8: P-9003 | E8: 8500 | G8: Mismatch
B9: INVOICE DATE | C9: 2026/08/04 | D9: 04/08/2026 | E9: 16178778 | G9: Mismatch
B10: PO REFERENCE | C10: PO-504 | D10: P-9004 | E10: 8500 | G10: Mismatch
B11: INVOICE DATE | C11: 05-08-2026 | D11: 2026-08-05 | G11: Mismatch
B12: PO REFERENCE | C12: PO-505 | D12: P-9005 | E12: 8500 | G12: Mismatch
B13: INVOICE DATE | C13: 2026-08-06 | D13: 06-Aug-2026 | G13: Mismatch
B14: PO REFERENCE | C14: PO-506 | D14: P-9006 | E14: 8500 | G14: Mismatch
B15: INVOICE DATE | C15: 07/08/2026 | D15: 2026/08/07 | E15: -13178781 | G15: Mismatch
B16: PO REFERENCE | C16: PO-507 | D16: P-9007 | E16: 8500 | G16: Mismatch
B17: INVOICE DATE | C17: 2026-08-08 | D17: 08-08-2026 | G17: Mismatch
B18: PO REFERENCE | C18: PO-508 | D18: P-9008 | E18: 8500 | G18: Mismatch
B19: INVOICE DATE | C19: 09-Aug-2026 | D19: 2026-08-09 | G19: Mismatch
B20: PO REFERENCE | C20: PO-509 | D20: P-9009 | E20: 8500 | G20: Mismatch
B21: PO REFERENCE | C21: PO-510 | D21: P-9010 | E21: 8500 | G21: Mismatch
B22: PO REFERENCE | C22: PO-511 | D22: P-9011 | E22: 8500 | G22: Mismatch
B23: INVOICE DATE | C23: 2026-08-12 | D23: 12-Aug-2026 | G23: Mismatch
B24: PO REFERENCE | C24: PO-512 | D24: P-9012 | E24: 8500 | G24: Mismatch
B25: PO REFERENCE | C25: PO-513 | D25: P-9013 | E25: 8500 | G25: Mismatch
B26: PO REFERENCE | C26: PO-514 | D26: P-9014 | E26: 8500 | G26: Mismatch
B27: PO REFERENCE | C27: PO-515 | D27: P-9015 | E27: 8500 | G27: Mismatch
B28: PO REFERENCE | C28: PO-516 | D28: P-9016 | E28: 8500 | G28: Mismatch
B29: INVOICE DATE | C29: 17-Aug-2026 | D29: 2026-08-17 | G29: Mismatch
B30: PO REFERENCE | C30: PO-517 | D30: P-9017 | E30: 8500 | G30: Mismatch
B31: PO REFERENCE | C31: PO-518 | D31: P-9018 | E31: 8500 | G31: Mismatch
B32: INVOICE DATE | C32: 2026-08-20 | D32: 20-Aug-2026 | G32: Mismatch
B33: PO REFERENCE | C33: PO-520 | D33: P-9020 | E33: 8500 | G33: Mismatch
B34: TAXABLE VALUE | C34: 0 | D34: 4000 | E34: -4000 | F34: -1 | G34: Mismatch
B35: GST | C35: 0 | D35: 720 | E35: -720 | F35: -1 | G35: Mismatch
B36: TOTAL BOOK VALUE | C36: 0 | D36: 4720 | E36: -4720 | F36: -1 | G36: Mismatch
B37: PO REFERENCE | C37: PO-522 | D37: P-9022 | E37: 8500 | G37: Mismatch
B38: PO REFERENCE | C38: PO-523 | D38: P-9023A | E38: 8500 | G38: Mismatch

Sheet 07 Control Checks
A1: Control Checks — Reconciliation Audit Trail
A2: All figures are calculated directly from the detail tabs, so this panel always reflects current data.
A4: Control | B4: RecliQ_Universal_Reconciliation_Master_Test - Book.xlsx (File 1) | C4: RecliQ_Universal_Reconciliation_Master_Test - portal.xlsx (File 2) | D4: Result
A5: Total records in scope | B5: =COUNTA('03 Matched Records'!C5:C5)+SUM('02 Exceptions'!L5:L38)+COUNTA('05 Missing - RecliQ_Universal_R'!A5:A6) | C5: =COUNTA('03 Matched Records'!C5:C5)+SUM('02 Exceptions'!L5:L38)+COUNTA('04 Missing - RecliQ_Universal_R'!A5:A8) | D5: =IF(B5=C5,"Pass","Review")
A6: Matched records (no differences) | B6: =COUNTA('03 Matched Records'!C5:C5) | C6: =COUNTA('03 Matched Records'!C5:C5) | D6: =IF(B6=C6,"Pass","Review")
A7: Exception records (1+ field mismatch) | B7: =SUM('02 Exceptions'!L5:L38) | C7: =SUM('02 Exceptions'!L5:L38) | D7: =IF(B7=0,"Pass","Review Required")
A8: Records missing from RecliQ_Universal_Reconciliation_Master_Test - Book.xlsx | B8: =COUNTA('04 Missing - RecliQ_Universal_R'!A5:A8) | C8: — | D8: =IF(B8=0,"Pass","Review Required")
A9: Records missing from RecliQ_Universal_Reconciliation_Master_Test - portal.xlsx | B9: — | C9: =COUNTA('05 Missing - RecliQ_Universal_R'!A5:A6) | D9: =IF(C9=0,"Pass","Review Required")
A11: Methodology
A12: • Matching key: INVOICE NO (case-insensitive, numeric-normalized).
A13: • 'Total records in scope' = Matched + Exception + records missing from the opposite file.
A14: • An 'Exception record' has 1 or more field-level mismatches — see tab '02 Exceptions' for detail.
A15: • Source files: RecliQ_Universal_Reconciliation_Master_Test - Book.xlsx vs RecliQ_Universal_Reconciliation_Master_Test - portal.xlsx.
